location,datetime,count
vrsic,2022-07-15,30
vrsic,2022-07-16,173
vrsic,2022-07-17,303
vrsic,2022-07-18,165
vrsic,2022-07-19,171
vrsic,2022-07-20,187
vrsic,2022-07-21,177
vrsic,2022-07-22,171
vrsic,2022-07-23,256
vrsic,2022-07-24,222
vrsic,2022-07-25,202
vrsic,2022-07-26,82
vrsic,2022-07-27,160
vrsic,2022-07-28,220
vrsic,2022-07-29,86
vrsic,2022-07-30,98
vrsic,2022-07-31,381
vrsic,2022-08-01,211
vrsic,2022-08-02,193
vrsic,2022-08-03,262
vrsic,2022-08-04,247
vrsic,2022-08-05,209
vrsic,2022-08-06,117
vrsic,2022-08-07,63
vrsic,2022-08-08,87
vrsic,2022-08-09,317
vrsic,2022-08-10,350
vrsic,2022-08-11,242
vrsic,2022-08-12,89
vrsic,2022-08-13,119
vrsic,2022-08-14,324
vrsic,2022-08-15,258
vrsic,2022-08-16,211
vrsic,2022-08-17,276
vrsic,2022-08-18,127
vrsic,2022-08-19,10
vrsic,2022-08-20,204
vrsic,2022-08-21,290
vrsic,2022-08-22,120
vrsic,2022-08-23,142
vrsic,2022-08-24,305
vrsic,2022-08-25,178
vrsic,2022-08-26,192
vrsic,2022-08-27,104
vrsic,2022-08-28,36
vrsic,2022-08-29,114
vrsic,2022-08-30,149
vrsic,2022-08-31,0
vrsic,2022-09-01,80
vrsic,2022-09-02,154
vrsic,2022-09-03,156
vrsic,2022-09-04,147
vrsic,2022-09-05,111
vrsic,2022-09-06,179
vrsic,2022-09-07,94
vrsic,2022-09-08,13
vrsic,2022-09-09,9
vrsic,2022-09-10,164
vrsic,2022-09-11,248
vrsic,2022-09-12,148
vrsic,2022-09-13,126
vrsic,2022-09-14,35
vrsic,2022-09-15,24
vrsic,2022-09-16,8
vrsic,2022-09-17,23
vrsic,2022-09-18,109
vrsic,2022-09-19,65
vrsic,2022-09-20,97
vrsic,2022-09-21,77
vrsic,2022-09-22,67
vrsic,2022-09-23,56
vrsic,2022-09-24,98
vrsic,2022-09-25,0
vrsic,2022-09-26,14
vrsic,2022-09-27,0
vrsic,2022-09-28,17
vrsic,2022-09-29,0
vrsic,2022-09-30,4
vrsic,2022-10-01,23
vrsic,2022-10-02,95
vrsic,2022-10-03,52
vrsic,2022-10-04,33
vrsic,2022-10-05,75
vrsic,2022-10-06,55
vrsic,2022-10-07,56
vrsic,2022-10-08,159
vrsic,2022-10-09,34
vrsic,2022-10-10,30
vrsic,2022-10-11,69
vrsic,2022-10-12,36
vrsic,2022-10-13,53
vrsic,2022-10-14,91
vrsic,2022-10-15,259
vrsic,2022-10-16,418
vrsic,2022-10-17,51
vrsic,2022-10-18,100
vrsic,2022-10-19,113
vrsic,2022-10-20,38
vrsic,2022-10-21,23
vrsic,2022-10-22,0
vrsic,2022-10-23,97
vrsic,2022-10-24,0
vrsic,2022-10-25,9
vrsic,2022-10-26,47
vrsic,2022-10-27,90
vrsic,2022-10-28,97
vrsic,2022-10-29,224
vrsic,2022-10-30,296
vrsic,2022-10-31,209
vrsic,2022-11-01,146
vrsic,2022-11-02,29
vrsic,2022-11-03,0
vrsic,2022-11-04,0
vrsic,2022-11-05,24
vrsic,2022-11-06,68
vrsic,2022-11-07,28
vrsic,2022-11-08,17
vrsic,2022-11-09,0
vrsic,2022-11-10,0
vrsic,2022-11-11,11
vrsic,2022-11-12,37
vrsic,2022-11-13,39
vrsic,2022-11-14,0
vrsic,2022-11-15,0
vrsic,2022-11-16,0
vrsic,2022-11-17,1
vrsic,2022-11-18,0
vrsic,2022-11-19,0
vrsic,2022-11-20,0
vrsic,2022-11-21,0
vrsic,2022-11-22,0
vrsic,2022-07-15,57
vrsic,2022-07-16,165
vrsic,2022-07-17,496
vrsic,2022-07-18,251
vrsic,2022-07-19,319
vrsic,2022-07-20,218
vrsic,2022-07-21,279
vrsic,2022-07-22,283
vrsic,2022-07-23,371
vrsic,2022-07-24,275
vrsic,2022-07-25,311
vrsic,2022-07-26,141
vrsic,2022-07-27,166
vrsic,2022-07-28,309
vrsic,2022-07-29,185
vrsic,2022-07-30,320
vrsic,2022-07-31,505
vrsic,2022-08-01,305
vrsic,2022-08-02,141
vrsic,2022-08-03,285
vrsic,2022-08-04,280
vrsic,2022-08-05,254
vrsic,2022-08-06,192
vrsic,2022-08-07,143
vrsic,2022-08-08,60
vrsic,2022-08-09,394
vrsic,2022-08-10,337
vrsic,2022-08-11,400
vrsic,2022-08-12,106
vrsic,2022-08-13,253
vrsic,2022-08-14,555
vrsic,2022-08-15,372
vrsic,2022-08-16,263
vrsic,2022-08-17,373
vrsic,2022-08-18,273
vrsic,2022-08-19,57
vrsic,2022-08-20,249
vrsic,2022-08-21,456
vrsic,2022-08-22,238
vrsic,2022-08-23,235
vrsic,2022-08-24,308
vrsic,2022-08-25,212
vrsic,2022-08-26,110
vrsic,2022-08-27,156
vrsic,2022-08-28,84
vrsic,2022-08-29,166
vrsic,2022-08-30,143
vrsic,2022-08-31,4
vrsic,2022-09-01,68
vrsic,2022-09-02,247
vrsic,2022-09-03,275
vrsic,2022-09-04,149
vrsic,2022-09-05,133
vrsic,2022-09-06,170
vrsic,2022-09-07,122
vrsic,2022-09-08,26
vrsic,2022-09-09,15
vrsic,2022-09-10,183
vrsic,2022-09-11,250
vrsic,2022-09-12,161
vrsic,2022-09-13,145
vrsic,2022-09-14,44
vrsic,2022-09-15,11
vrsic,2022-09-16,11
vrsic,2022-09-17,8
vrsic,2022-09-18,123
vrsic,2022-09-19,124
vrsic,2022-09-20,79
vrsic,2022-09-21,192
vrsic,2022-09-22,93
vrsic,2022-09-23,137
vrsic,2022-09-24,95
vrsic,2022-09-25,0
vrsic,2022-09-26,26
vrsic,2022-09-27,4
vrsic,2022-09-28,5
vrsic,2022-09-29,4
vrsic,2022-09-30,0
vrsic,2022-10-01,44
vrsic,2022-10-02,164
vrsic,2022-10-03,73
vrsic,2022-10-04,99
vrsic,2022-10-05,46
vrsic,2022-10-06,158
vrsic,2022-10-07,103
vrsic,2022-10-08,370
vrsic,2022-10-09,68
vrsic,2022-10-10,22
vrsic,2022-10-11,38
vrsic,2022-10-12,19
vrsic,2022-10-13,51
vrsic,2022-10-14,75
vrsic,2022-10-15,140
vrsic,2022-10-16,397
vrsic,2022-10-17,57
vrsic,2022-10-18,102
vrsic,2022-10-19,140
vrsic,2022-10-20,23
vrsic,2022-10-21,17
vrsic,2022-10-22,0
vrsic,2022-10-23,44
vrsic,2022-10-24,0
vrsic,2022-10-25,2
vrsic,2022-10-26,60
vrsic,2022-10-27,110
vrsic,2022-10-28,166
vrsic,2022-10-29,232
vrsic,2022-10-30,422
vrsic,2022-10-31,320
vrsic,2022-11-01,197
vrsic,2022-11-02,41
vrsic,2022-11-03,6
vrsic,2022-11-04,0
vrsic,2022-11-05,62
vrsic,2022-11-06,144
vrsic,2022-11-07,19
vrsic,2022-11-08,20
vrsic,2022-11-09,2
vrsic,2022-11-10,0
vrsic,2022-11-11,12
vrsic,2022-11-12,61
vrsic,2022-11-13,48
vrsic,2022-11-14,4
vrsic,2022-11-15,0
vrsic,2022-11-16,0
vrsic,2022-11-17,4
vrsic,2022-11-18,0
vrsic,2022-11-19,0
vrsic,2022-11-20,0
vrsic,2022-11-21,0
vrsic,2022-11-22,0
vrsic,2022-07-15,7
vrsic,2022-07-16,31
vrsic,2022-07-17,53
vrsic,2022-07-18,46
vrsic,2022-07-19,55
vrsic,2022-07-20,26
vrsic,2022-07-21,37
vrsic,2022-07-22,38
vrsic,2022-07-23,78
vrsic,2022-07-24,39
vrsic,2022-07-25,51
vrsic,2022-07-26,0
vrsic,2022-07-27,3
vrsic,2022-07-28,42
vrsic,2022-07-29,26
vrsic,2022-07-30,41
vrsic,2022-07-31,86
vrsic,2022-08-01,27
vrsic,2022-08-02,10
vrsic,2022-08-03,70
vrsic,2022-08-04,68
vrsic,2022-08-05,50
vrsic,2022-08-06,8
vrsic,2022-08-07,23
vrsic,2022-08-08,48
vrsic,2022-08-09,58
vrsic,2022-08-10,84
vrsic,2022-08-11,66
vrsic,2022-08-12,25
vrsic,2022-08-13,79
vrsic,2022-08-14,127
vrsic,2022-08-15,64
vrsic,2022-08-16,20
vrsic,2022-08-17,92
vrsic,2022-08-18,48
vrsic,2022-08-19,33
vrsic,2022-08-20,47
vrsic,2022-08-21,91
vrsic,2022-08-22,29
vrsic,2022-08-23,42
vrsic,2022-08-24,48
vrsic,2022-08-25,21
vrsic,2022-08-26,14
vrsic,2022-08-27,9
vrsic,2022-08-28,19
vrsic,2022-08-29,22
vrsic,2022-08-30,28
vrsic,2022-08-31,5
vrsic,2022-09-01,6
vrsic,2022-09-02,24
vrsic,2022-09-03,81
vrsic,2022-09-04,34
vrsic,2022-09-05,17
vrsic,2022-09-06,24
vrsic,2022-09-07,4
vrsic,2022-09-08,6
vrsic,2022-09-09,7
vrsic,2022-09-10,55
vrsic,2022-09-11,32
vrsic,2022-09-12,27
vrsic,2022-09-13,31
vrsic,2022-09-14,35
vrsic,2022-09-15,0
vrsic,2022-09-16,6
vrsic,2022-09-17,0
vrsic,2022-09-18,16
vrsic,2022-09-19,13
vrsic,2022-09-20,6
vrsic,2022-09-21,6
vrsic,2022-09-22,0
vrsic,2022-09-23,36
vrsic,2022-09-24,12
vrsic,2022-09-25,4
vrsic,2022-09-26,4
vrsic,2022-09-27,0
vrsic,2022-09-28,6
vrsic,2022-09-29,0
vrsic,2022-09-30,0
vrsic,2022-10-01,4
vrsic,2022-10-02,7
vrsic,2022-10-03,3
vrsic,2022-10-04,4
vrsic,2022-10-05,9
vrsic,2022-10-06,3
vrsic,2022-10-07,2
vrsic,2022-10-08,36
vrsic,2022-10-09,2
vrsic,2022-10-10,2
vrsic,2022-10-11,0
vrsic,2022-10-12,6
vrsic,2022-10-13,7
vrsic,2022-10-14,8
vrsic,2022-10-15,28
vrsic,2022-10-16,27
vrsic,2022-10-17,9
vrsic,2022-10-18,8
vrsic,2022-10-19,24
vrsic,2022-10-20,0
vrsic,2022-10-21,1
vrsic,2022-10-22,0
vrsic,2022-10-23,0
vrsic,2022-10-24,0
vrsic,2022-10-25,0
vrsic,2022-10-26,0
vrsic,2022-10-27,6
vrsic,2022-10-28,10
vrsic,2022-10-29,29
vrsic,2022-10-30,35
vrsic,2022-10-31,28
vrsic,2022-11-01,30
vrsic,2022-11-02,0
vrsic,2022-11-03,0
vrsic,2022-11-04,0
vrsic,2022-11-05,8
vrsic,2022-11-06,10
vrsic,2022-11-07,2
vrsic,2022-11-08,0
vrsic,2022-11-09,0
vrsic,2022-11-10,0
vrsic,2022-11-11,1
vrsic,2022-11-12,8
vrsic,2022-11-13,4
vrsic,2022-11-14,0
vrsic,2022-11-15,0
vrsic,2022-11-16,0
vrsic,2022-11-17,0
vrsic,2022-11-18,0
vrsic,2022-11-19,0
vrsic,2022-11-20,0
vrsic,2022-11-21,0
vrsic,2022-11-22,0
vrsic,2022-07-20,17
vrsic,2022-07-21,14
vrsic,2022-07-22,9
vrsic,2022-07-23,36
vrsic,2022-07-24,15
vrsic,2022-07-25,3
vrsic,2022-07-26,1
vrsic,2022-07-27,3
vrsic,2022-07-28,4
vrsic,2022-07-29,6
vrsic,2022-07-30,9
vrsic,2022-07-31,28
vrsic,2022-08-01,3
vrsic,2022-08-02,0
vrsic,2022-08-03,23
vrsic,2022-08-04,19
vrsic,2022-08-05,6
vrsic,2022-08-06,5
vrsic,2022-08-07,0
vrsic,2022-08-08,3
vrsic,2022-08-09,12
vrsic,2022-08-10,24
vrsic,2022-08-11,10
vrsic,2022-08-12,0
vrsic,2022-08-13,3
vrsic,2022-08-14,23
vrsic,2022-08-15,16
vrsic,2022-08-16,1
vrsic,2022-08-17,9
vrsic,2022-08-18,22
vrsic,2022-08-19,8
vrsic,2022-08-20,16
vrsic,2022-08-21,12
vrsic,2022-08-22,12
vrsic,2022-08-23,0
vrsic,2022-08-24,15
vrsic,2022-08-25,0
vrsic,2022-08-26,9
vrsic,2022-08-27,23
vrsic,2022-08-28,0
vrsic,2022-08-29,0
vrsic,2022-08-30,2
vrsic,2022-08-31,4
vrsic,2022-09-01,0
vrsic,2022-09-02,13
vrsic,2022-09-03,37
vrsic,2022-09-04,16
vrsic,2022-09-05,11
vrsic,2022-09-06,2
vrsic,2022-09-07,3
vrsic,2022-09-08,13
vrsic,2022-09-09,2
vrsic,2022-09-10,6
vrsic,2022-09-11,7
vrsic,2022-09-12,18
vrsic,2022-09-13,0
vrsic,2022-09-14,8
vrsic,2022-09-15,7
vrsic,2022-09-16,0
vrsic,2022-09-17,0
vrsic,2022-09-18,13
vrsic,2022-09-19,0
vrsic,2022-09-20,1
vrsic,2022-09-21,2
vrsic,2022-09-22,0
vrsic,2022-09-23,3
vrsic,2022-09-24,5
vrsic,2022-09-25,0
vrsic,2022-09-26,2
vrsic,2022-09-27,7
vrsic,2022-09-28,0
vrsic,2022-09-29,2
vrsic,2022-09-30,0
vrsic,2022-10-01,1
vrsic,2022-10-02,0
vrsic,2022-10-03,3
vrsic,2022-10-04,7
vrsic,2022-10-05,73
vrsic,2022-10-06,23
vrsic,2022-10-07,0
vrsic,2022-10-08,2
vrsic,2022-10-09,0
vrsic,2022-10-10,0
vrsic,2022-10-11,0
vrsic,2022-10-12,0
vrsic,2022-10-13,8
vrsic,2022-10-14,0
vrsic,2022-10-15,2
vrsic,2022-10-16,0
vrsic,2022-10-17,0
vrsic,2022-10-18,0
vrsic,2022-10-19,0
vrsic,2022-10-20,0
vrsic,2022-10-21,4
vrsic,2022-10-22,0
vrsic,2022-10-23,3
vrsic,2022-10-24,8
vrsic,2022-10-25,2
vrsic,2022-10-26,5
vrsic,2022-10-27,1
vrsic,2022-10-28,4
vrsic,2022-10-29,15
vrsic,2022-10-30,15
vrsic,2022-10-31,6
vrsic,2022-11-01,6
vrsic,2022-11-02,0
vrsic,2022-11-03,0
vrsic,2022-11-04,6
vrsic,2022-11-05,0
vrsic,2022-11-06,1
vrsic,2022-11-07,0
vrsic,2022-11-08,0
vrsic,2022-11-09,4
vrsic,2022-11-10,0
vrsic,2022-11-11,0
vrsic,2022-11-12,0
vrsic,2022-11-13,0
vrsic,2022-11-14,0
vrsic,2022-11-15,0
vrsic,2022-11-16,0
vrsic,2022-11-17,2
vrsic,2022-11-18,0
vrsic,2022-11-19,0
vrsic,2022-11-20,0
vrsic,2022-11-21,0
vrsic,2022-11-22,0
vrsic,2022-07-15,7
vrsic,2022-07-16,30
vrsic,2022-07-17,97
vrsic,2022-07-18,52
vrsic,2022-07-19,69
vrsic,2022-07-20,58
vrsic,2022-07-21,31
vrsic,2022-07-22,75
vrsic,2022-07-23,92
vrsic,2022-07-24,26
vrsic,2022-07-25,61
vrsic,2022-07-26,12
vrsic,2022-07-27,57
vrsic,2022-07-28,88
vrsic,2022-07-29,62
vrsic,2022-07-30,12
vrsic,2022-07-31,134
vrsic,2022-08-01,48
vrsic,2022-08-02,14
vrsic,2022-08-03,87
vrsic,2022-08-04,52
vrsic,2022-08-05,27
vrsic,2022-08-06,29
vrsic,2022-08-07,16
vrsic,2022-08-08,24
vrsic,2022-08-09,109
vrsic,2022-08-10,72
vrsic,2022-08-11,97
vrsic,2022-08-12,4
vrsic,2022-08-13,53
vrsic,2022-08-14,135
vrsic,2022-08-15,62
vrsic,2022-08-16,28
vrsic,2022-08-17,100
vrsic,2022-08-18,68
vrsic,2022-08-19,0
vrsic,2022-08-20,84
vrsic,2022-08-21,67
vrsic,2022-08-22,33
vrsic,2022-08-23,26
vrsic,2022-08-24,87
vrsic,2022-08-25,36
vrsic,2022-08-26,24
vrsic,2022-08-27,28
vrsic,2022-08-28,6
vrsic,2022-08-29,25
vrsic,2022-08-30,48
vrsic,2022-08-31,0
vrsic,2022-09-01,5
vrsic,2022-09-02,43
vrsic,2022-09-03,98
vrsic,2022-09-04,60
vrsic,2022-09-05,30
vrsic,2022-09-06,67
vrsic,2022-09-07,31
vrsic,2022-09-08,11
vrsic,2022-09-09,0
vrsic,2022-09-10,29
vrsic,2022-09-11,80
vrsic,2022-09-12,46
vrsic,2022-09-13,26
vrsic,2022-09-14,9
vrsic,2022-09-15,0
vrsic,2022-09-16,0
vrsic,2022-09-17,2
vrsic,2022-09-18,11
vrsic,2022-09-19,4
vrsic,2022-09-20,21
vrsic,2022-09-21,19
vrsic,2022-09-22,24
vrsic,2022-09-23,29
vrsic,2022-09-24,31
vrsic,2022-09-25,0
vrsic,2022-09-26,2
vrsic,2022-09-27,0
vrsic,2022-09-28,0
vrsic,2022-09-29,0
vrsic,2022-09-30,0
vrsic,2022-10-01,6
vrsic,2022-10-02,30
vrsic,2022-10-03,6
vrsic,2022-10-04,2
vrsic,2022-10-05,2
vrsic,2022-10-06,19
vrsic,2022-10-07,15
vrsic,2022-10-08,39
vrsic,2022-10-09,15
vrsic,2022-10-10,11
vrsic,2022-10-11,5
vrsic,2022-10-12,0
vrsic,2022-10-13,4
vrsic,2022-10-14,4
vrsic,2022-10-15,16
vrsic,2022-10-16,48
vrsic,2022-10-17,8
vrsic,2022-10-18,14
vrsic,2022-10-19,27
vrsic,2022-10-20,2
vrsic,2022-10-21,2
vrsic,2022-10-22,0
vrsic,2022-10-23,9
vrsic,2022-10-24,0
vrsic,2022-10-25,2
vrsic,2022-10-26,11
vrsic,2022-10-27,7
vrsic,2022-10-28,7
vrsic,2022-10-29,57
vrsic,2022-10-30,64
vrsic,2022-10-31,61
vrsic,2022-11-01,31
vrsic,2022-11-02,8
vrsic,2022-11-03,0
vrsic,2022-11-04,0
vrsic,2022-11-05,2
vrsic,2022-11-06,18
vrsic,2022-11-07,0
vrsic,2022-11-08,2
vrsic,2022-11-09,0
vrsic,2022-11-10,0
vrsic,2022-11-11,0
vrsic,2022-11-12,0
vrsic,2022-11-13,9
vrsic,2022-11-14,0
vrsic,2022-11-15,0
vrsic,2022-11-16,0
vrsic,2022-11-17,2
vrsic,2022-11-18,0
vrsic,2022-11-19,0
vrsic,2022-11-20,0
vrsic,2022-11-21,0
vrsic,2022-11-22,0
vrsic,2022-07-20,165
vrsic,2022-07-21,158
vrsic,2022-07-22,237
vrsic,2022-07-23,343
vrsic,2022-07-24,151
vrsic,2022-07-25,216
vrsic,2022-07-26,123
vrsic,2022-07-27,243
vrsic,2022-07-28,294
vrsic,2022-07-29,162
vrsic,2022-07-30,176
vrsic,2022-07-31,535
vrsic,2022-08-01,182
vrsic,2022-08-02,111
vrsic,2022-08-03,352
vrsic,2022-08-04,282
vrsic,2022-08-05,294
vrsic,2022-08-06,133
vrsic,2022-08-07,98
vrsic,2022-08-08,74
vrsic,2022-08-09,430
vrsic,2022-08-10,364
vrsic,2022-08-11,352
vrsic,2022-08-12,66
vrsic,2022-08-13,218
vrsic,2022-08-14,480
vrsic,2022-08-15,349
vrsic,2022-08-16,136
vrsic,2022-08-17,348
vrsic,2022-08-18,141
vrsic,2022-08-19,12
vrsic,2022-08-20,148
vrsic,2022-08-21,253
vrsic,2022-08-22,187
vrsic,2022-08-23,134
vrsic,2022-08-24,259
vrsic,2022-08-25,201
vrsic,2022-08-26,147
vrsic,2022-08-27,96
vrsic,2022-08-28,60
vrsic,2022-08-29,94
vrsic,2022-08-30,143
vrsic,2022-08-31,5
vrsic,2022-09-01,36
vrsic,2022-09-02,165
vrsic,2022-09-03,230
vrsic,2022-09-04,121
vrsic,2022-09-05,150
vrsic,2022-09-06,192
vrsic,2022-09-07,102
vrsic,2022-09-08,31
vrsic,2022-09-09,25
vrsic,2022-09-10,72
vrsic,2022-09-11,202
vrsic,2022-09-12,162
vrsic,2022-09-13,165
vrsic,2022-09-14,36
vrsic,2022-09-15,16
vrsic,2022-09-16,4
vrsic,2022-09-17,14
vrsic,2022-09-18,93
vrsic,2022-09-19,97
vrsic,2022-09-20,44
vrsic,2022-09-21,87
vrsic,2022-09-22,92
vrsic,2022-09-23,110
vrsic,2022-09-24,43
vrsic,2022-09-25,10
vrsic,2022-09-26,20
vrsic,2022-09-27,6
vrsic,2022-09-28,4
vrsic,2022-09-29,9
vrsic,2022-09-30,1
vrsic,2022-10-01,19
vrsic,2022-10-02,76
vrsic,2022-10-03,26
vrsic,2022-10-04,15
vrsic,2022-10-05,38
vrsic,2022-10-06,21
vrsic,2022-10-07,71
vrsic,2022-10-08,178
vrsic,2022-10-09,39
vrsic,2022-10-10,17
vrsic,2022-10-11,50
vrsic,2022-10-12,10
vrsic,2022-10-13,58
vrsic,2022-10-14,35
vrsic,2022-10-15,66
vrsic,2022-10-16,129
vrsic,2022-10-17,28
vrsic,2022-10-18,79
vrsic,2022-10-19,89
vrsic,2022-10-20,20
vrsic,2022-10-21,7
vrsic,2022-10-22,5
vrsic,2022-10-23,17
vrsic,2022-10-24,1
vrsic,2022-10-25,2
vrsic,2022-10-26,28
vrsic,2022-10-27,44
vrsic,2022-10-28,33
vrsic,2022-10-29,171
vrsic,2022-10-30,184
vrsic,2022-10-31,277
vrsic,2022-11-01,92
vrsic,2022-11-02,39
vrsic,2022-11-03,4
vrsic,2022-11-04,0
vrsic,2022-11-05,20
vrsic,2022-11-06,39
vrsic,2022-11-07,10
vrsic,2022-11-08,6
vrsic,2022-11-09,0
vrsic,2022-11-10,1
vrsic,2022-11-11,6
vrsic,2022-11-12,8
vrsic,2022-11-13,48
vrsic,2022-11-14,0
vrsic,2022-11-15,0
vrsic,2022-11-16,2
vrsic,2022-11-17,0
vrsic,2022-11-18,0
vrsic,2022-11-19,0
vrsic,2022-11-20,0
vrsic,2022-11-21,0
vrsic,2022-11-22,0
vrsic,2022-07-15,240
vrsic,2022-07-16,251
vrsic,2022-07-17,555
vrsic,2022-07-18,382
vrsic,2022-07-19,351
vrsic,2022-07-20,459
vrsic,2022-07-21,458
vrsic,2022-07-22,383
vrsic,2022-07-23,624
vrsic,2022-07-24,465
vrsic,2022-07-25,512
vrsic,2022-07-26,234
vrsic,2022-07-27,453
vrsic,2022-07-28,731
vrsic,2022-07-29,240
vrsic,2022-07-30,381
vrsic,2022-07-31,532
vrsic,2022-08-01,452
vrsic,2022-08-02,419
vrsic,2022-08-03,692
vrsic,2022-08-04,498
vrsic,2022-08-05,321
vrsic,2022-08-06,228
vrsic,2022-08-07,193
vrsic,2022-08-08,113
vrsic,2022-08-09,682
vrsic,2022-08-10,620
vrsic,2022-08-11,606
vrsic,2022-08-12,267
vrsic,2022-08-13,522
vrsic,2022-08-14,762
vrsic,2022-08-15,482
vrsic,2022-08-16,484
vrsic,2022-08-17,700
vrsic,2022-08-18,477
vrsic,2022-08-19,48
vrsic,2022-08-20,328
vrsic,2022-08-21,510
vrsic,2022-08-22,337
vrsic,2022-08-23,449
vrsic,2022-08-24,534
vrsic,2022-08-25,375
vrsic,2022-08-26,334
vrsic,2022-08-27,180
vrsic,2022-08-28,134
vrsic,2022-08-29,333
vrsic,2022-08-30,316
vrsic,2022-08-31,12
vrsic,2022-09-01,141
vrsic,2022-09-02,318
vrsic,2022-09-03,318
vrsic,2022-09-04,338
vrsic,2022-09-05,310
vrsic,2022-09-06,355
vrsic,2022-09-07,193
vrsic,2022-09-08,34
vrsic,2022-09-09,48
vrsic,2022-09-10,176
vrsic,2022-09-11,287
vrsic,2022-09-12,393
vrsic,2022-09-13,255
vrsic,2022-09-14,54
vrsic,2022-09-15,33
vrsic,2022-09-16,53
vrsic,2022-09-17,55
vrsic,2022-09-18,314
vrsic,2022-09-19,249
vrsic,2022-09-20,321
vrsic,2022-09-21,156
vrsic,2022-09-22,393
vrsic,2022-09-23,273
vrsic,2022-09-24,338
vrsic,2022-09-25,11
vrsic,2022-09-26,60
vrsic,2022-09-27,6
vrsic,2022-09-28,93
vrsic,2022-09-29,8
vrsic,2022-09-30,14
vrsic,2022-10-01,91
vrsic,2022-10-02,343
vrsic,2022-10-03,186
vrsic,2022-10-04,161
vrsic,2022-10-05,253
vrsic,2022-10-06,257
vrsic,2022-10-07,282
vrsic,2022-10-08,1235
vrsic,2022-10-09,213
vrsic,2022-10-10,123
vrsic,2022-10-11,326
vrsic,2022-10-12,173
vrsic,2022-10-13,287
vrsic,2022-10-14,374
vrsic,2022-10-15,1325
vrsic,2022-10-16,2458
vrsic,2022-10-17,356
vrsic,2022-10-18,759
vrsic,2022-10-19,672
vrsic,2022-10-20,89
vrsic,2022-10-21,109
vrsic,2022-10-22,0
vrsic,2022-10-23,374
vrsic,2022-10-24,8
vrsic,2022-10-25,39
vrsic,2022-10-26,221
vrsic,2022-10-27,390
vrsic,2022-10-28,467
vrsic,2022-10-29,1181
vrsic,2022-10-30,1947
vrsic,2022-10-31,1728
vrsic,2022-11-01,785
vrsic,2022-11-02,147
vrsic,2022-11-03,10
vrsic,2022-11-04,0
vrsic,2022-11-05,136
vrsic,2022-11-06,514
vrsic,2022-11-07,62
vrsic,2022-11-08,71
vrsic,2022-11-09,0
vrsic,2022-11-10,0
vrsic,2022-11-11,30
vrsic,2022-11-12,105
vrsic,2022-11-13,244
vrsic,2022-11-14,8
vrsic,2022-11-15,0
vrsic,2022-11-16,0
vrsic,2022-11-17,1
vrsic,2022-11-18,0
vrsic,2022-11-19,0
vrsic,2022-11-20,0
vrsic,2022-11-21,0
vrsic,2022-11-22,0
vrsic,2022-07-15,11
vrsic,2022-07-16,27
vrsic,2022-07-17,61
vrsic,2022-07-18,58
vrsic,2022-07-19,51
vrsic,2022-07-20,55
vrsic,2022-07-21,30
vrsic,2022-07-22,65
vrsic,2022-07-23,54
vrsic,2022-07-24,16
vrsic,2022-07-25,62
vrsic,2022-07-26,17
vrsic,2022-07-27,50
vrsic,2022-07-28,42
vrsic,2022-07-29,23
vrsic,2022-07-30,28
vrsic,2022-07-31,66
vrsic,2022-08-01,101
vrsic,2022-08-02,58
vrsic,2022-08-03,46
vrsic,2022-08-04,53
vrsic,2022-08-05,44
vrsic,2022-08-06,26
vrsic,2022-08-07,46
vrsic,2022-08-08,44
vrsic,2022-08-09,58
vrsic,2022-08-10,38
vrsic,2022-08-11,44
vrsic,2022-08-12,24
vrsic,2022-08-13,116
vrsic,2022-08-14,91
vrsic,2022-08-15,27
vrsic,2022-08-16,45
vrsic,2022-08-17,50
vrsic,2022-08-18,44
vrsic,2022-08-19,17
vrsic,2022-08-20,69
vrsic,2022-08-21,57
vrsic,2022-08-22,42
vrsic,2022-08-23,47
vrsic,2022-08-24,53
vrsic,2022-08-25,9
vrsic,2022-08-26,33
vrsic,2022-08-27,32
vrsic,2022-08-28,24
vrsic,2022-08-29,47
vrsic,2022-08-30,38
vrsic,2022-08-31,22
vrsic,2022-09-01,31
vrsic,2022-09-02,32
vrsic,2022-09-03,17
vrsic,2022-09-04,29
vrsic,2022-09-05,46
vrsic,2022-09-06,31
vrsic,2022-09-07,24
vrsic,2022-09-08,25
vrsic,2022-09-09,4
vrsic,2022-09-10,32
vrsic,2022-09-11,37
vrsic,2022-09-12,45
vrsic,2022-09-13,45
vrsic,2022-09-14,16
vrsic,2022-09-15,11
vrsic,2022-09-16,12
vrsic,2022-09-17,34
vrsic,2022-09-18,38
vrsic,2022-09-19,36
vrsic,2022-09-20,22
vrsic,2022-09-21,33
vrsic,2022-09-22,35
vrsic,2022-09-23,15
vrsic,2022-09-24,6
vrsic,2022-09-25,10
vrsic,2022-09-26,27
vrsic,2022-09-27,23
vrsic,2022-09-28,11
vrsic,2022-09-29,8
vrsic,2022-09-30,4
vrsic,2022-10-01,4
vrsic,2022-10-02,8
vrsic,2022-10-03,15
vrsic,2022-10-04,9
vrsic,2022-10-05,15
vrsic,2022-10-06,15
vrsic,2022-10-07,14
vrsic,2022-10-08,10
vrsic,2022-10-09,12
vrsic,2022-10-10,5
vrsic,2022-10-11,9
vrsic,2022-10-12,13
vrsic,2022-10-13,7
vrsic,2022-10-14,8
vrsic,2022-10-15,10
vrsic,2022-10-16,21
vrsic,2022-10-17,4
vrsic,2022-10-18,0
vrsic,2022-10-19,3
vrsic,2022-10-20,4
vrsic,2022-10-21,2
vrsic,2022-10-22,0
vrsic,2022-10-23,3
vrsic,2022-10-24,3
vrsic,2022-10-25,0
vrsic,2022-10-26,2
vrsic,2022-10-27,0
vrsic,2022-10-28,7
vrsic,2022-10-29,9
vrsic,2022-10-30,12
vrsic,2022-10-31,20
vrsic,2022-11-01,13
vrsic,2022-11-02,0
vrsic,2022-11-03,4
vrsic,2022-11-04,0
vrsic,2022-11-05,2
vrsic,2022-11-06,4
vrsic,2022-11-07,0
vrsic,2022-11-08,2
vrsic,2022-11-09,0
vrsic,2022-11-10,0
vrsic,2022-11-11,0
vrsic,2022-11-12,2
vrsic,2022-11-13,11
vrsic,2022-11-14,0
vrsic,2022-11-15,0
vrsic,2022-11-16,0
vrsic,2022-11-17,2
vrsic,2022-11-18,0
vrsic,2022-11-19,0
vrsic,2022-11-20,0
vrsic,2022-11-21,0
vrsic,2022-11-22,0
vrsic,2023-06-22,13
vrsic,2023-06-23,40
vrsic,2023-06-24,132
vrsic,2023-06-25,209
vrsic,2023-06-26,121
vrsic,2023-06-27,34
vrsic,2023-06-28,52
vrsic,2023-06-29,128
vrsic,2023-06-30,106
vrsic,2023-07-01,7
vrsic,2023-07-02,200
vrsic,2023-07-03,14
vrsic,2023-07-04,160
vrsic,2023-07-05,164
vrsic,2023-07-06,83
vrsic,2023-07-07,203
vrsic,2023-07-08,314
vrsic,2023-07-09,308
vrsic,2023-07-10,181
vrsic,2023-07-11,174
vrsic,2023-07-12,77
vrsic,2023-07-13,21
vrsic,2023-07-14,207
vrsic,2023-07-15,293
vrsic,2023-07-16,348
vrsic,2023-07-17,127
vrsic,2023-07-18,137
vrsic,2023-07-19,101
vrsic,2023-07-20,190
vrsic,2023-07-21,31
vrsic,2023-07-22,101
vrsic,2023-07-23,356
vrsic,2023-07-24,176
vrsic,2023-07-25,23
vrsic,2023-07-26,139
vrsic,2023-07-27,237
vrsic,2023-07-28,187
vrsic,2023-07-29,175
vrsic,2023-07-30,79
vrsic,2023-07-31,185
vrsic,2023-08-01,54
vrsic,2023-08-02,176
vrsic,2023-08-03,39
vrsic,2023-08-04,12
vrsic,2023-08-05,0
vrsic,2023-08-06,76
vrsic,2023-08-07,181
vrsic,2023-08-08,213
vrsic,2023-08-09,42
vrsic,2023-08-10,151
vrsic,2023-08-11,288
vrsic,2023-08-12,317
vrsic,2023-08-13,272
vrsic,2023-08-14,320
vrsic,2023-08-15,328
vrsic,2023-08-16,151
vrsic,2023-08-17,191
vrsic,2023-08-18,87
vrsic,2023-08-19,293
vrsic,2023-08-20,337
vrsic,2023-08-21,164
vrsic,2023-08-22,147
vrsic,2023-08-23,127
vrsic,2023-08-24,156
vrsic,2023-08-25,204
vrsic,2023-08-26,347
vrsic,2023-08-27,195
vrsic,2023-08-28,12
vrsic,2023-08-29,13
vrsic,2023-08-30,10
vrsic,2023-08-31,154
vrsic,2023-09-01,145
vrsic,2023-09-02,238
vrsic,2023-09-03,240
vrsic,2023-09-04,114
vrsic,2023-09-05,174
vrsic,2023-09-06,140
vrsic,2023-09-07,166
vrsic,2023-09-08,140
vrsic,2023-09-09,261
vrsic,2023-09-10,281
vrsic,2023-09-11,120
vrsic,2023-09-12,110
vrsic,2023-09-13,79
vrsic,2023-09-14,50
vrsic,2023-09-15,55
vrsic,2023-09-16,194
vrsic,2023-09-17,235
vrsic,2023-09-18,54
vrsic,2023-09-19,73
vrsic,2023-09-20,122
vrsic,2023-09-21,2
vrsic,2023-09-22,8
vrsic,2023-09-23,25
vrsic,2023-09-24,90
vrsic,2023-09-25,95
vrsic,2023-09-26,84
vrsic,2023-09-27,81
vrsic,2023-09-28,77
vrsic,2023-09-29,64
vrsic,2023-09-30,0
vrsic,2023-06-22,30
vrsic,2023-06-23,64
vrsic,2023-06-24,238
vrsic,2023-06-25,286
vrsic,2023-06-26,154
vrsic,2023-06-27,30
vrsic,2023-06-28,69
vrsic,2023-06-29,194
vrsic,2023-06-30,160
vrsic,2023-07-01,15
vrsic,2023-07-02,369
vrsic,2023-07-03,32
vrsic,2023-07-04,183
vrsic,2023-07-05,226
vrsic,2023-07-06,179
vrsic,2023-07-07,392
vrsic,2023-07-08,453
vrsic,2023-07-09,435
vrsic,2023-07-10,201
vrsic,2023-07-11,221
vrsic,2023-07-12,128
vrsic,2023-07-13,51
vrsic,2023-07-14,328
vrsic,2023-07-15,449
vrsic,2023-07-16,417
vrsic,2023-07-17,177
vrsic,2023-07-18,198
vrsic,2023-07-19,200
vrsic,2023-07-20,142
vrsic,2023-07-21,83
vrsic,2023-07-22,135
vrsic,2023-07-23,463
vrsic,2023-07-24,314
vrsic,2023-07-25,73
vrsic,2023-07-26,171
vrsic,2023-07-27,350
vrsic,2023-07-28,253
vrsic,2023-07-29,324
vrsic,2023-07-30,126
vrsic,2023-07-31,244
vrsic,2023-08-01,46
vrsic,2023-08-02,282
vrsic,2023-08-03,47
vrsic,2023-08-04,29
vrsic,2023-08-05,20
vrsic,2023-08-06,94
vrsic,2023-08-07,211
vrsic,2023-08-08,337
vrsic,2023-08-09,127
vrsic,2023-08-10,148
vrsic,2023-08-11,312
vrsic,2023-08-12,397
vrsic,2023-08-13,331
vrsic,2023-08-14,375
vrsic,2023-08-15,423
vrsic,2023-08-16,161
vrsic,2023-08-17,263
vrsic,2023-08-18,110
vrsic,2023-08-19,367
vrsic,2023-08-20,461
vrsic,2023-08-21,211
vrsic,2023-08-22,268
vrsic,2023-08-23,184
vrsic,2023-08-24,187
vrsic,2023-08-25,267
vrsic,2023-08-26,425
vrsic,2023-08-27,293
vrsic,2023-08-28,3
vrsic,2023-08-29,20
vrsic,2023-08-30,19
vrsic,2023-08-31,148
vrsic,2023-09-01,158
vrsic,2023-09-02,320
vrsic,2023-09-03,253
vrsic,2023-09-04,123
vrsic,2023-09-05,166
vrsic,2023-09-06,192
vrsic,2023-09-07,137
vrsic,2023-09-08,176
vrsic,2023-09-09,384
vrsic,2023-09-10,312
vrsic,2023-09-11,189
vrsic,2023-09-12,150
vrsic,2023-09-13,92
vrsic,2023-09-14,46
vrsic,2023-09-15,53
vrsic,2023-09-16,237
vrsic,2023-09-17,374
vrsic,2023-09-18,39
vrsic,2023-09-19,33
vrsic,2023-09-20,91
vrsic,2023-09-21,55
vrsic,2023-09-22,5
vrsic,2023-09-23,40
vrsic,2023-09-24,111
vrsic,2023-09-25,92
vrsic,2023-09-26,120
vrsic,2023-09-27,86
vrsic,2023-09-28,139
vrsic,2023-09-29,82
vrsic,2023-09-30,0
vrsic,2023-06-22,3
vrsic,2023-06-23,14
vrsic,2023-06-24,35
vrsic,2023-06-25,46
vrsic,2023-06-26,18
vrsic,2023-06-27,8
vrsic,2023-06-28,4
vrsic,2023-06-29,26
vrsic,2023-06-30,20
vrsic,2023-07-01,14
vrsic,2023-07-02,39
vrsic,2023-07-03,13
vrsic,2023-07-04,3
vrsic,2023-07-05,13
vrsic,2023-07-06,14
vrsic,2023-07-07,74
vrsic,2023-07-08,69
vrsic,2023-07-09,36
vrsic,2023-07-10,56
vrsic,2023-07-11,20
vrsic,2023-07-12,7
vrsic,2023-07-13,14
vrsic,2023-07-14,29
vrsic,2023-07-15,63
vrsic,2023-07-16,102
vrsic,2023-07-17,50
vrsic,2023-07-18,21
vrsic,2023-07-19,14
vrsic,2023-07-20,22
vrsic,2023-07-21,32
vrsic,2023-07-22,22
vrsic,2023-07-23,71
vrsic,2023-07-24,48
vrsic,2023-07-25,33
vrsic,2023-07-26,22
vrsic,2023-07-27,55
vrsic,2023-07-28,56
vrsic,2023-07-29,50
vrsic,2023-07-30,13
vrsic,2023-07-31,19
vrsic,2023-08-01,23
vrsic,2023-08-02,56
vrsic,2023-08-03,14
vrsic,2023-08-04,6
vrsic,2023-08-05,9
vrsic,2023-08-06,21
vrsic,2023-08-07,18
vrsic,2023-08-08,63
vrsic,2023-08-09,29
vrsic,2023-08-10,30
vrsic,2023-08-11,52
vrsic,2023-08-12,72
vrsic,2023-08-13,84
vrsic,2023-08-14,79
vrsic,2023-08-15,84
vrsic,2023-08-16,20
vrsic,2023-08-17,54
vrsic,2023-08-18,20
vrsic,2023-08-19,125
vrsic,2023-08-20,80
vrsic,2023-08-21,65
vrsic,2023-08-22,52
vrsic,2023-08-23,24
vrsic,2023-08-24,61
vrsic,2023-08-25,54
vrsic,2023-08-26,118
vrsic,2023-08-27,81
vrsic,2023-08-28,2
vrsic,2023-08-29,2
vrsic,2023-08-30,6
vrsic,2023-08-31,25
vrsic,2023-09-01,51
vrsic,2023-09-02,96
vrsic,2023-09-03,50
vrsic,2023-09-04,22
vrsic,2023-09-05,12
vrsic,2023-09-06,12
vrsic,2023-09-07,31
vrsic,2023-09-08,21
vrsic,2023-09-09,124
vrsic,2023-09-10,79
vrsic,2023-09-11,51
vrsic,2023-09-12,48
vrsic,2023-09-13,21
vrsic,2023-09-14,8
vrsic,2023-09-15,27
vrsic,2023-09-16,77
vrsic,2023-09-17,74
vrsic,2023-09-18,28
vrsic,2023-09-19,12
vrsic,2023-09-20,6
vrsic,2023-09-21,7
vrsic,2023-09-22,0
vrsic,2023-09-23,2
vrsic,2023-09-24,9
vrsic,2023-09-25,18
vrsic,2023-09-26,30
vrsic,2023-09-27,14
vrsic,2023-09-28,33
vrsic,2023-09-29,26
vrsic,2023-09-30,0
vrsic,2023-07-27,0
vrsic,2023-07-28,0
vrsic,2023-07-29,0
vrsic,2023-07-30,0
vrsic,2023-07-31,0
vrsic,2023-08-01,0
vrsic,2023-08-02,10
vrsic,2023-08-03,0
vrsic,2023-08-04,2
vrsic,2023-08-05,0
vrsic,2023-08-06,6
vrsic,2023-08-07,2
vrsic,2023-08-08,11
vrsic,2023-08-09,25
vrsic,2023-08-10,4
vrsic,2023-08-11,13
vrsic,2023-08-12,17
vrsic,2023-08-13,3
vrsic,2023-08-14,21
vrsic,2023-08-15,27
vrsic,2023-08-16,6
vrsic,2023-08-17,13
vrsic,2023-08-18,9
vrsic,2023-08-19,11
vrsic,2023-08-20,35
vrsic,2023-08-21,2
vrsic,2023-08-22,18
vrsic,2023-08-23,2
vrsic,2023-08-24,32
vrsic,2023-08-25,25
vrsic,2023-08-26,65
vrsic,2023-08-27,34
vrsic,2023-08-28,23
vrsic,2023-08-29,0
vrsic,2023-08-30,0
vrsic,2023-08-31,11
vrsic,2023-09-01,11
vrsic,2023-09-02,101
vrsic,2023-09-03,43
vrsic,2023-09-04,10
vrsic,2023-09-05,31
vrsic,2023-09-06,10
vrsic,2023-09-07,17
vrsic,2023-09-08,28
vrsic,2023-09-09,90
vrsic,2023-09-10,53
vrsic,2023-09-11,23
vrsic,2023-09-12,39
vrsic,2023-09-13,14
vrsic,2023-09-14,1
vrsic,2023-09-15,34
vrsic,2023-09-16,46
vrsic,2023-09-17,48
vrsic,2023-09-18,5
vrsic,2023-09-19,10
vrsic,2023-09-20,1
vrsic,2023-09-21,6
vrsic,2023-09-22,7
vrsic,2023-09-23,9
vrsic,2023-09-24,35
vrsic,2023-09-25,3
vrsic,2023-09-26,10
vrsic,2023-09-27,8
vrsic,2023-09-28,23
vrsic,2023-09-29,29
vrsic,2023-09-30,0
vrsic,2023-06-22,9
vrsic,2023-06-23,0
vrsic,2023-06-24,28
vrsic,2023-06-25,59
vrsic,2023-06-26,12
vrsic,2023-06-27,6
vrsic,2023-06-28,4
vrsic,2023-06-29,16
vrsic,2023-06-30,27
vrsic,2023-07-01,6
vrsic,2023-07-02,25
vrsic,2023-07-03,0
vrsic,2023-07-04,10
vrsic,2023-07-05,12
vrsic,2023-07-06,36
vrsic,2023-07-07,30
vrsic,2023-07-08,65
vrsic,2023-07-09,57
vrsic,2023-07-10,9
vrsic,2023-07-11,36
vrsic,2023-07-12,31
vrsic,2023-07-13,6
vrsic,2023-07-14,39
vrsic,2023-07-15,89
vrsic,2023-07-16,115
vrsic,2023-07-17,31
vrsic,2023-07-18,43
vrsic,2023-07-19,42
vrsic,2023-07-20,22
vrsic,2023-07-21,5
vrsic,2023-07-22,14
vrsic,2023-07-23,62
vrsic,2023-07-24,27
vrsic,2023-07-25,5
vrsic,2023-07-26,16
vrsic,2023-07-27,62
vrsic,2023-07-28,61
vrsic,2023-07-29,43
vrsic,2023-07-30,13
vrsic,2023-07-31,38
vrsic,2023-08-01,22
vrsic,2023-08-02,67
vrsic,2023-08-03,30
vrsic,2023-08-04,3
vrsic,2023-08-05,0
vrsic,2023-08-06,3
vrsic,2023-08-07,44
vrsic,2023-08-08,46
vrsic,2023-08-09,21
vrsic,2023-08-10,10
vrsic,2023-08-11,57
vrsic,2023-08-12,95
vrsic,2023-08-13,64
vrsic,2023-08-14,72
vrsic,2023-08-15,116
vrsic,2023-08-16,36
vrsic,2023-08-17,48
vrsic,2023-08-18,20
vrsic,2023-08-19,143
vrsic,2023-08-20,106
vrsic,2023-08-21,24
vrsic,2023-08-22,90
vrsic,2023-08-23,69
vrsic,2023-08-24,73
vrsic,2023-08-25,62
vrsic,2023-08-26,8
vrsic,2023-08-27,0
vrsic,2023-08-28,0
vrsic,2023-08-29,4
vrsic,2023-08-30,0
vrsic,2023-08-31,0
vrsic,2023-09-01,0
vrsic,2023-09-02,0
vrsic,2023-09-03,0
vrsic,2023-09-04,0
vrsic,2023-09-05,0
vrsic,2023-09-06,0
vrsic,2023-09-07,0
vrsic,2023-09-08,0
vrsic,2023-09-09,0
vrsic,2023-09-10,0
vrsic,2023-09-11,0
vrsic,2023-09-12,0
vrsic,2023-09-13,0
vrsic,2023-09-14,9
vrsic,2023-09-15,10
vrsic,2023-09-16,113
vrsic,2023-09-17,112
vrsic,2023-09-18,33
vrsic,2023-09-19,19
vrsic,2023-09-20,9
vrsic,2023-09-21,2
vrsic,2023-09-22,1
vrsic,2023-09-23,9
vrsic,2023-09-24,6
vrsic,2023-09-25,0
vrsic,2023-09-26,0
vrsic,2023-09-27,0
vrsic,2023-09-28,0
vrsic,2023-09-29,0
vrsic,2023-09-30,0
vrsic,2023-06-22,66
vrsic,2023-06-23,41
vrsic,2023-06-24,90
vrsic,2023-06-25,220
vrsic,2023-06-26,107
vrsic,2023-06-27,25
vrsic,2023-06-28,89
vrsic,2023-06-29,145
vrsic,2023-06-30,103
vrsic,2023-07-01,59
vrsic,2023-07-02,277
vrsic,2023-07-03,3
vrsic,2023-07-04,179
vrsic,2023-07-05,141
vrsic,2023-07-06,83
vrsic,2023-07-07,283
vrsic,2023-07-08,249
vrsic,2023-07-09,267
vrsic,2023-07-10,200
vrsic,2023-07-11,177
vrsic,2023-07-12,179
vrsic,2023-07-13,31
vrsic,2023-07-14,255
vrsic,2023-07-15,411
vrsic,2023-07-16,317
vrsic,2023-07-17,78
vrsic,2023-07-18,148
vrsic,2023-07-19,214
vrsic,2023-07-20,120
vrsic,2023-07-21,38
vrsic,2023-07-22,88
vrsic,2023-07-23,376
vrsic,2023-07-24,219
vrsic,2023-07-25,43
vrsic,2023-07-26,167
vrsic,2023-07-27,339
vrsic,2023-07-28,335
vrsic,2023-07-29,203
vrsic,2023-07-30,115
vrsic,2023-07-31,158
vrsic,2023-08-01,67
vrsic,2023-08-02,268
vrsic,2023-08-03,118
vrsic,2023-08-04,19
vrsic,2023-08-05,6
vrsic,2023-08-06,59
vrsic,2023-08-07,168
vrsic,2023-08-08,184
vrsic,2023-08-09,122
vrsic,2023-08-10,186
vrsic,2023-08-11,301
vrsic,2023-08-12,249
vrsic,2023-08-13,280
vrsic,2023-08-14,299
vrsic,2023-08-15,485
vrsic,2023-08-16,217
vrsic,2023-08-17,176
vrsic,2023-08-18,104
vrsic,2023-08-19,356
vrsic,2023-08-20,368
vrsic,2023-08-21,232
vrsic,2023-08-22,294
vrsic,2023-08-23,148
vrsic,2023-08-24,284
vrsic,2023-08-25,139
vrsic,2023-08-26,429
vrsic,2023-08-27,286
vrsic,2023-08-28,5
vrsic,2023-08-29,15
vrsic,2023-08-30,37
vrsic,2023-08-31,97
vrsic,2023-09-01,94
vrsic,2023-09-02,348
vrsic,2023-09-03,242
vrsic,2023-09-04,145
vrsic,2023-09-05,150
vrsic,2023-09-06,112
vrsic,2023-09-07,235
vrsic,2023-09-08,232
vrsic,2023-09-09,404
vrsic,2023-09-10,429
vrsic,2023-09-11,169
vrsic,2023-09-12,208
vrsic,2023-09-13,110
vrsic,2023-09-14,25
vrsic,2023-09-15,50
vrsic,2023-09-16,299
vrsic,2023-09-17,278
vrsic,2023-09-18,40
vrsic,2023-09-19,37
vrsic,2023-09-20,75
vrsic,2023-09-21,27
vrsic,2023-09-22,9
vrsic,2023-09-23,15
vrsic,2023-09-24,131
vrsic,2023-09-25,86
vrsic,2023-09-26,86
vrsic,2023-09-27,79
vrsic,2023-09-28,79
vrsic,2023-09-29,186
vrsic,2023-09-30,0
vrsic,2023-06-22,52
vrsic,2023-06-23,153
vrsic,2023-06-24,461
vrsic,2023-06-25,386
vrsic,2023-06-26,331
vrsic,2023-06-27,148
vrsic,2023-06-28,165
vrsic,2023-06-29,371
vrsic,2023-06-30,377
vrsic,2023-07-01,102
vrsic,2023-07-02,404
vrsic,2023-07-03,45
vrsic,2023-07-04,335
vrsic,2023-07-05,395
vrsic,2023-07-06,205
vrsic,2023-07-07,431
vrsic,2023-07-08,578
vrsic,2023-07-09,527
vrsic,2023-07-10,346
vrsic,2023-07-11,494
vrsic,2023-07-12,858
vrsic,2023-07-13,120
vrsic,2023-07-14,452
vrsic,2023-07-15,571
vrsic,2023-07-16,1587
vrsic,2023-07-17,519
vrsic,2023-07-18,508
vrsic,2023-07-19,527
vrsic,2023-07-20,388
vrsic,2023-07-21,94
vrsic,2023-07-22,249
vrsic,2023-07-23,889
vrsic,2023-07-24,744
vrsic,2023-07-25,163
vrsic,2023-07-26,382
vrsic,2023-07-27,637
vrsic,2023-07-28,762
vrsic,2023-07-29,683
vrsic,2023-07-30,259
vrsic,2023-07-31,494
vrsic,2023-08-01,341
vrsic,2023-08-02,779
vrsic,2023-08-03,358
vrsic,2023-08-04,17
vrsic,2023-08-05,20
vrsic,2023-08-06,141
vrsic,2023-08-07,415
vrsic,2023-08-08,706
vrsic,2023-08-09,316
vrsic,2023-08-10,428
vrsic,2023-08-11,546
vrsic,2023-08-12,507
vrsic,2023-08-13,498
vrsic,2023-08-14,646
vrsic,2023-08-15,508
vrsic,2023-08-16,421
vrsic,2023-08-17,538
vrsic,2023-08-18,294
vrsic,2023-08-19,534
vrsic,2023-08-20,465
vrsic,2023-08-21,543
vrsic,2023-08-22,393
vrsic,2023-08-23,322
vrsic,2023-08-24,496
vrsic,2023-08-25,408
vrsic,2023-08-26,799
vrsic,2023-08-27,1236
vrsic,2023-08-28,715
vrsic,2023-08-29,58
vrsic,2023-08-30,107
vrsic,2023-08-31,530
vrsic,2023-09-01,446
vrsic,2023-09-02,380
vrsic,2023-09-03,486
vrsic,2023-09-04,188
vrsic,2023-09-05,371
vrsic,2023-09-06,271
vrsic,2023-09-07,392
vrsic,2023-09-08,291
vrsic,2023-09-09,492
vrsic,2023-09-10,447
vrsic,2023-09-11,332
vrsic,2023-09-12,311
vrsic,2023-09-13,358
vrsic,2023-09-14,99
vrsic,2023-09-15,155
vrsic,2023-09-16,557
vrsic,2023-09-17,452
vrsic,2023-09-18,333
vrsic,2023-09-19,178
vrsic,2023-09-20,359
vrsic,2023-09-21,199
vrsic,2023-09-22,364
vrsic,2023-09-23,46
vrsic,2023-09-24,278
vrsic,2023-09-25,174
vrsic,2023-09-26,303
vrsic,2023-09-27,309
vrsic,2023-09-28,209
vrsic,2023-09-29,253
vrsic,2023-09-30,0
vrsic,2023-06-22,0
vrsic,2023-06-23,16
vrsic,2023-06-24,47
vrsic,2023-06-25,47
vrsic,2023-06-26,34
vrsic,2023-06-27,45
vrsic,2023-06-28,29
vrsic,2023-06-29,36
vrsic,2023-06-30,42
vrsic,2023-07-01,16
vrsic,2023-07-02,33
vrsic,2023-07-03,41
vrsic,2023-07-04,39
vrsic,2023-07-05,24
vrsic,2023-07-06,53
vrsic,2023-07-07,45
vrsic,2023-07-08,30
vrsic,2023-07-09,45
vrsic,2023-07-10,56
vrsic,2023-07-11,38
vrsic,2023-07-12,31
vrsic,2023-07-13,12
vrsic,2023-07-14,35
vrsic,2023-07-15,66
vrsic,2023-07-16,61
vrsic,2023-07-17,41
vrsic,2023-07-18,56
vrsic,2023-07-19,34
vrsic,2023-07-20,44
vrsic,2023-07-21,30
vrsic,2023-07-22,16
vrsic,2023-07-23,59
vrsic,2023-07-24,81
vrsic,2023-07-25,15
vrsic,2023-07-26,72
vrsic,2023-07-27,51
vrsic,2023-07-28,63
vrsic,2023-07-29,70
vrsic,2023-07-30,48
vrsic,2023-07-31,89
vrsic,2023-08-01,44
vrsic,2023-08-02,63
vrsic,2023-08-03,21
vrsic,2023-08-04,11
vrsic,2023-08-05,2
vrsic,2023-08-06,29
vrsic,2023-08-07,36
vrsic,2023-08-08,39
vrsic,2023-08-09,62
vrsic,2023-08-10,27
vrsic,2023-08-11,67
vrsic,2023-08-12,47
vrsic,2023-08-13,75
vrsic,2023-08-14,79
vrsic,2023-08-15,40
vrsic,2023-08-16,41
vrsic,2023-08-17,45
vrsic,2023-08-18,33
vrsic,2023-08-19,29
vrsic,2023-08-20,43
vrsic,2023-08-21,48
vrsic,2023-08-22,31
vrsic,2023-08-23,29
vrsic,2023-08-24,83
vrsic,2023-08-25,35
vrsic,2023-08-26,58
vrsic,2023-08-27,81
vrsic,2023-08-28,12
vrsic,2023-08-29,12
vrsic,2023-08-30,17
vrsic,2023-08-31,38
vrsic,2023-09-01,22
vrsic,2023-09-02,35
vrsic,2023-09-03,55
vrsic,2023-09-04,70
vrsic,2023-09-05,31
vrsic,2023-09-06,27
vrsic,2023-09-07,50
vrsic,2023-09-08,25
vrsic,2023-09-09,45
vrsic,2023-09-10,59
vrsic,2023-09-11,69
vrsic,2023-09-12,51
vrsic,2023-09-13,43
vrsic,2023-09-14,24
vrsic,2023-09-15,27
vrsic,2023-09-16,39
vrsic,2023-09-17,30
vrsic,2023-09-18,56
vrsic,2023-09-19,27
vrsic,2023-09-20,45
vrsic,2023-09-21,6
vrsic,2023-09-22,8
vrsic,2023-09-23,5
vrsic,2023-09-24,24
vrsic,2023-09-25,37
vrsic,2023-09-26,26
vrsic,2023-09-27,14
vrsic,2023-09-28,38
vrsic,2023-09-29,19
vrsic,2023-09-30,0
